attacker,l0_norm,l1_norm,l2_norm,test_accuracy
fgsm,1658.29375,1658.29370117,27.886177063,0.51875
pgdlinf,2862.26125,2862.26123047,52.3162384033,0.04375
pgdl2,1505.01125,1505.01123047,29.9969539642,0.40125
pgdl1,4.23,4.23000001907,1.82838714123,0.14875
pgd_adam,1886.31,1886.31005859,34.437953949,0.37125
gdkde,28.275,28.275,4.88808533683,0.0175
bca_k,3.2425,3.2425,1.5611,0.20375
bga_k,1736.48375,1736.48376465,38.6179351807,0.09375
grosse,3.265,3.265,1.567,0.2025
jsma,3.0612,3.0612,1.5244,0.2925
max,2612.7425,2612.74243164,50.4055709839,0.0025
mimicry,29.16875,29.1687507629,4.78059101105,0.04
pointwise,14.59875,14.5987501144,3.30609869957,0.7025
