model,retrain_type,test_set,selection_metric,ood,epochs,id_ratio,budget,original_acc,retrain_acc,acc_improvement
basic_dnn,type2,hybrid,random,ad2018,10,0.0,0.01,92.375,94.7265625,2.3515625
basic_dnn,type2,hybrid,random,ad2018,10,0.1,0.01,92.625,94.384765625,1.759765625
basic_dnn,type2,hybrid,random,ad2018,10,0.2,0.01,92.95,95.458984375,2.508984374999997
basic_dnn,type2,hybrid,random,ad2018,10,0.3,0.01,93.2,95.3857421875,2.185742187499997
basic_dnn,type2,hybrid,random,ad2018,10,0.4,0.01,93.375,96.142578125,2.767578125
basic_dnn,type2,hybrid,random,ad2018,10,0.5,0.01,94.125,96.044921875,1.919921875
basic_dnn,type2,hybrid,random,ad2018,10,0.6,0.01,95.025,96.240234375,1.2152343749999943
basic_dnn,type2,hybrid,random,ad2018,10,0.7,0.01,96.175,96.97265625,0.7976562500000028
basic_dnn,type2,hybrid,random,ad2018,10,0.8,0.01,97.5,98.3154296875,0.8154296875
basic_dnn,type2,hybrid,random,ad2018,10,0.9,0.01,98.475,98.92578125,0.4507812500000057
