model,retrain_type,test_set,method,selection_metric,epochs,id_ratio,budget,original_acc,retrain_acc,acc_improvement
deepdrebin,type1,original,fgsm,entropy,25,0.0,0.05,99.23134608173979,99.2327868938446,0.0014408121048177236
deepdrebin,type1,original,fgsm,entropy,25,0.1,0.05,99.23134608173979,99.2327868938446,0.0014408121048177236
deepdrebin,type1,original,fgsm,entropy,25,0.2,0.05,99.23134608173979,99.2327868938446,0.0014408121048177236
deepdrebin,type1,original,fgsm,entropy,25,0.3,0.05,99.23134608173979,99.2327868938446,0.0014408121048177236
deepdrebin,type1,original,fgsm,entropy,25,0.4,0.05,99.23134608173979,99.2327868938446,0.0014408121048177236
deepdrebin,type1,original,fgsm,entropy,25,0.5,0.05,99.23134608173979,99.2327868938446,0.0014408121048177236
deepdrebin,type1,original,fgsm,entropy,25,0.6,0.05,99.23134608173979,99.2327868938446,0.0014408121048177236
deepdrebin,type1,original,fgsm,entropy,25,0.7,0.05,99.23134608173979,99.2327868938446,0.0014408121048177236
deepdrebin,type1,original,fgsm,entropy,25,0.8,0.05,99.23134608173979,99.2327868938446,0.0014408121048177236
deepdrebin,type1,original,fgsm,entropy,25,0.9,0.05,99.23134608173979,99.2327868938446,0.0014408121048177236
