attacker,l0_norm,l1_norm,l2_norm,test_accuracy
fgsm,1658.29375,1658.29370117,27.886177063,0.51875
pgdlinf,2862.26125,2862.26123047,52.3162384033,0.04375
pgdl2,1505.01125,1505.01123047,29.9969539642,0.40125
pgdl1,4.23,4.23000001907,1.82838714123,0.14875
pgd_adam,1886.31,1886.31005859,34.437953949,0.37125
