attacker,l0_norm,l1_norm,l2_norm,test_accuracy
fgsm,1731.8725,1731.87255859,30.8391113281,0.42375
pgdlinf,2190.22875,2190.22875977,36.0235290527,0.4075
pgdl2,1316.0475,1316.04748535,24.4935150146,0.54375
pgdl1,0.88875,0.888750016689,0.686210274696,0.4075
pgd_adam,1699.64,1699.64001465,27.9232158661,0.54125
gdkde,29.0725,29.0725,4.99155074834,0.01
bca_k,0.88,0.88,0.68374,0.4075
bga_k,784.17375,784.17376709,20.5221290588,0.4275
grosse,0.88,0.88,0.68464,0.40625
jsma,0.87125,0.87125,0.7949,0.51375
max,2963.03375,2963.03369141,54.0657997131,0.00875
mimicry,28.99625,28.9962501526,4.76622438431,0.0
pointwise,7.745,7.74499988556,2.41148996353,0.0
fgsm,1731.8725,1731.87255859,30.8391113281,0.42375
pgdlinf,2190.22875,2190.22875977,36.0235290527,0.4075
pgdl2,1316.0475,1316.04748535,24.4935150146,0.54375
pgdl1,0.88875,0.888750016689,0.686210274696,0.4075
pgd_adam,1699.64,1699.64001465,27.9232158661,0.54125
gdkde,29.0725,29.0725,4.99155074834,0.01
bca_k,0.88,0.88,0.68374,0.4075
bga_k,784.17375,784.17376709,20.5221290588,0.4275
grosse,0.88,0.88,0.68464,0.40625
jsma,0.87125,0.87125,0.7949,0.51375
max,2963.03375,2963.03369141,54.0657997131,0.00875
mimicry,28.99625,28.9962501526,4.76622438431,0.0
pointwise,7.745,7.74499988556,2.41148996353,0.0
