id_ratio,accuracy,balanced_acc,FNR,FPR,F1
0.0,0.6990000000000001,0.5752049,0.5837104,0.2658797,0.2340967
0.1,0.7290000000000001,0.6194946,0.5213483,0.2396624,0.2821192
0.2,0.7609999999999999,0.6742802,0.4387097,0.2127298,0.35318
0.3,0.7915000000000001,0.7190989000000001,0.37654319999999997,0.185259,0.42083329999999997
0.4,0.8220000000000001,0.7607361,0.3204082,0.1581197,0.48330910000000005
0.5,0.852,0.8059866,0.2558594,0.1321674,0.5627770000000001
0.6,0.8825,0.8459587000000001,0.20345490000000002,0.1046278,0.6384615
0.7,0.9079999999999999,0.8862898,0.1433892,0.0840312,0.7142856999999999
0.8,0.935,0.9191015,0.1028881,0.0589089,0.7926635000000001
0.9,0.96325,0.9525409,0.0625,0.0324182,0.8801956
1.0,0.99425,0.9877312,0.021594699999999998,0.0029429,0.9808493
