attacker,l0_norm,l1_norm,l2_norm,test_accuracy
fgsm,1987.54625,1987.54626465,34.9365081787,0.34875
gdkde,29.20125,29.20125,5.00238417987,0.01125
mimicry,29.1775,29.1774997711,4.77764177322,0.00125
pointwise,8.92125,8.92125034332,2.60746335983,0.0
