id_ratio,BCA_K,BGA_K,GDKDE,GROSSE,JSMA,MAX,MIMICRY,PGD-Adam,PGD-l1,PGD-l2,PGD-linf,POINTWISE,fgsm
0.0,0.4075,0.4275,0.01,0.40625,0.51375,0.00875,0.0,0.54125,0.4075,0.54375,0.4075,0.0,0.42375
0.1,0.4675,0.48375,0.10875,0.46625,0.5625,0.1075,0.09875,0.585,0.4675,0.5875,0.4675,0.09875,0.48
0.2,0.51875,0.53375,0.20375,0.5175,0.605,0.20375,0.195,0.62375,0.51875,0.62625,0.51875,0.195,0.53
0.3,0.5825,0.59125,0.3,0.58125,0.6625,0.3,0.29375,0.67625,0.5825,0.67875,0.5825,0.29375,0.5875
0.4,0.62375,0.6325,0.395,0.6225,0.69875,0.395,0.38875,0.71125,0.62375,0.7125,0.62375,0.38875,0.62875
0.5,0.6825,0.69,0.49125,0.68125,0.7475,0.49125,0.4875,0.75875,0.6825,0.76,0.6825,0.4875,0.68625
0.6,0.735,0.74125,0.5875,0.73375,0.7925,0.5875,0.585,0.80125,0.735,0.8025,0.735,0.585,0.73875
0.7,0.79625,0.80125,0.685,0.795,0.83625,0.685,0.68375,0.84375,0.79625,0.84375,0.79625,0.68375,0.79875
0.8,0.86,0.865,0.78125,0.85875,0.885,0.78125,0.78125,0.8925,0.86,0.8925,0.86,0.78125,0.8625
0.9,0.9225,0.925,0.8775,0.92125,0.93125,0.8775,0.8775,0.93375,0.9225,0.93375,0.9225,0.8775,0.9225
1.0,0.97625,0.97625,0.97625,0.97625,0.97625,0.97625,0.97625,0.97625,0.97625,0.97625,0.97625,0.97625,0.97625
