model,ood,id_ratio,ori_acc
deepdrebin,ad2018,0.0,92.7
deepdrebin,ad2018,0.1,93.025
deepdrebin,ad2018,0.2,93.30000000000001
deepdrebin,ad2018,0.30000000000000004,93.5
deepdrebin,ad2018,0.4,93.7
deepdrebin,ad2018,0.5,94.425
deepdrebin,ad2018,0.6000000000000001,95.39999999999999
deepdrebin,ad2018,0.7000000000000001,96.45
deepdrebin,ad2018,0.8,97.52499999999999
deepdrebin,ad2018,0.9,98.55000000000001
deepdrebin,ad2018,1.0,99.375
deepdrebin,drebin,0.0,69.525
deepdrebin,drebin,0.1,72.425
deepdrebin,drebin,0.2,75.52499999999999
deepdrebin,drebin,0.30000000000000004,78.4
deepdrebin,drebin,0.4,81.6
deepdrebin,drebin,0.5,84.55
deepdrebin,drebin,0.6000000000000001,87.47500000000001
deepdrebin,drebin,0.7000000000000001,90.14999999999999
deepdrebin,drebin,0.8,93.25
deepdrebin,drebin,0.9,96.35000000000001
deepdrebin,drebin,1.0,99.375
deepdrebin,ad2019,0.0,93.625
deepdrebin,ad2019,0.1,93.95
deepdrebin,ad2019,0.2,94.375
deepdrebin,ad2019,0.30000000000000004,94.75
deepdrebin,ad2019,0.4,94.95
deepdrebin,ad2019,0.5,95.525
deepdrebin,ad2019,0.6000000000000001,96.3
deepdrebin,ad2019,0.7000000000000001,97.02499999999999
deepdrebin,ad2019,0.8,97.925
deepdrebin,ad2019,0.9,98.65
deepdrebin,ad2019,1.0,99.375
basic_dnn,ad2018,0.0,93.2
basic_dnn,ad2018,0.1,93.4
basic_dnn,ad2018,0.2,93.875
basic_dnn,ad2018,0.30000000000000004,94.05
basic_dnn,ad2018,0.4,94.3
basic_dnn,ad2018,0.5,94.89999999999999
basic_dnn,ad2018,0.6000000000000001,95.775
basic_dnn,ad2018,0.7000000000000001,96.975
basic_dnn,ad2018,0.8,97.8
basic_dnn,ad2018,0.9,98.575
basic_dnn,ad2018,1.0,99.3
basic_dnn,drebin,0.0,65.64999999999999
basic_dnn,drebin,0.1,69.525
basic_dnn,drebin,0.2,72.89999999999999
basic_dnn,drebin,0.30000000000000004,76.325
basic_dnn,drebin,0.4,79.60000000000001
basic_dnn,drebin,0.5,83.0
basic_dnn,drebin,0.6000000000000001,86.7
basic_dnn,drebin,0.7000000000000001,89.55
basic_dnn,drebin,0.8,92.425
basic_dnn,drebin,0.9,95.85000000000001
basic_dnn,drebin,1.0,99.3
basic_dnn,ad2019,0.0,93.60000000000001
basic_dnn,ad2019,0.1,93.975
basic_dnn,ad2019,0.2,94.5
basic_dnn,ad2019,0.30000000000000004,94.75
basic_dnn,ad2019,0.4,95.05
basic_dnn,ad2019,0.5,95.35
basic_dnn,ad2019,0.6000000000000001,96.3
basic_dnn,ad2019,0.7000000000000001,97.05
basic_dnn,ad2019,0.8,97.8
basic_dnn,ad2019,0.9,98.7
basic_dnn,ad2019,1.0,99.3
