model,dataset,acc
deepdrebin,2018,0.9342655671088801
deepdrebin,2019,0.9356116889549282
