model,dataset,acc
deepdrebin,2018,0.9348780487804879
deepdrebin,2019,0.9381535038932147
basic_dnn,2018,0.9326829268292683
basic_dnn,2019,0.9332591768631813
